region,en,bn,script,tier,flags,note
South Asia,Hindi,হিন্দি,Devanagari,A,R,"Medical and education travel to India; closest grammar to Bangla"
South Asia,Urdu,উর্দু,Arabic (Nastaliq),A,R K S,"Religious literature; Gulf co-workers; reuses the Arabic script pages"
South Asia,Nepali,নেপালি,Devanagari,A,K,"Reuses the Hindi book"
South Asia,Assamese,অসমিয়া,Bengali-Assamese,A,K,"Same script as Bangla, the fastest script chapter in the series"
South Asia,Odia,ওড়িয়া,Odia,B,K,"Neighbour language; sister of Bangla"
South Asia,Punjabi (Gurmukhi),পাঞ্জাবি (গুরুমুখী),Gurmukhi,A,K,"Large global diaspora (UK, Canada)"
South Asia,Punjabi (Shahmukhi),পাঞ্জাবি (শাহমুখী),Arabic (Nastaliq),B,,"Pakistan's largest language; can follow the Urdu book"
South Asia,Marathi,মারাঠি,Devanagari,A,K M,"Mumbai business and work"
South Asia,Gujarati,গুজরাটি,Gujarati,A,M,"Traders; East Africa and UK diaspora"
South Asia,Tamil,তামিল,Tamil,A,S M,"Chennai medical travel; Singapore, Malaysia, Sri Lanka"
South Asia,Telugu,তেলুগু,Telugu,A,K,"Hyderabad, IT and medical travel"
South Asia,Kannada,কন্নড়,Kannada,A,K,"Bengaluru study and IT"
South Asia,Malayalam,মালয়ালম,Malayalam,A,S M,"Kerala co-workers across the Gulf"
South Asia,Sinhala,সিংহলি,Sinhala,B,K,"Sri Lanka study and work"
South Asia,Sanskrit,সংস্কৃত,Devanagari,A,,"Classical; roots of a large share of Bangla words"
South Asia,Pashto,পশতু,Arabic (Pashto),B,,"Afghanistan and Pakistan; Gulf co-workers"
South Asia,Sindhi,সিন্ধি,Arabic (Sindhi),B,,"Pakistan; strong Islamic heritage"
South Asia,Maithili,মৈথিলী,Devanagari,B,,"Bihar and Nepal; very close to Bangla"
South Asia,Dhivehi,দিভেহি,Thaana,C,,"Maldives: Bangladeshi workers, a Muslim country"
South Asia,Kashmiri,কাশ্মীরি,Arabic (Nastaliq),C,,"Heritage interest"
South Asia,Konkani,কোঙ্কণি,Devanagari,C,,"Goa"
South Asia,Santali,সাঁওতালি,Ol Chiki,C,,"Spoken inside Bangladesh"
South Asia,Meitei (Manipuri),মণিপুরি,Meetei Mayek,C,,"Spoken inside Bangladesh (Sylhet)"
South Asia,Tibetan,তিব্বতি,Tibetan,C,,"Cultural and academic interest"
South Asia,Dzongkha,জোংখা,Tibetan,C,,"Bhutan, study and work"
Middle East & Central Asia,Arabic (Modern Standard),আরবি,Arabic,A,R,"The flagship; Qur'an and the whole Gulf"
Middle East & Central Asia,Gulf Arabic (Khaleeji),উপসাগরীয় আরবি,Arabic,B,,"Spoken Arabic of Bangladeshi workers in Saudi Arabia, UAE, Qatar, Kuwait, Oman"
Middle East & Central Asia,Egyptian Arabic,মিসরীয় আরবি,Arabic,B,,"Most widely understood spoken Arabic (media, al-Azhar students)"
Middle East & Central Asia,Levantine Arabic,শামি আরবি,Arabic,B,,"Jordan, Lebanon, Syria, Palestine"
Middle East & Central Asia,Persian (Farsi/Dari),ফারসি,Arabic (Persian),A,R S M,"Hundreds of Persian words already in Bangla; Rumi, Hafez, Saadi"
Middle East & Central Asia,Turkish,তুর্কি,Latin,A,R K S,"Türkiye scholarships; Ottoman Islamic heritage"
Middle East & Central Asia,Azerbaijani,আজারবাইজানি,Latin,A,,"Close to Turkish; reuses that book"
Middle East & Central Asia,Kurdish (Kurmanji / Sorani),কুর্দি,Latin / Arabic,B,,"Iraq, Türkiye, Iran"
Middle East & Central Asia,Hebrew,হিব্রু,Hebrew,A,K M,"Academic and comparative-religion readers"
Middle East & Central Asia,Yiddish,ইদিশ,Hebrew,B,M,"Academic interest"
Middle East & Central Asia,Armenian,আর্মেনীয়,Armenian,B,,"Its own unique alphabet"
Middle East & Central Asia,Georgian,জর্জীয়,Georgian,B,,"Medical-study destination; unique alphabet"
Middle East & Central Asia,Uzbek,উজবেক,Latin,B,,"Bukhara and Samarkand: the land of Imam al-Bukhari"
Middle East & Central Asia,Kazakh,কাজাখ,Cyrillic / Latin,B,,"Central Asian study"
Middle East & Central Asia,Kyrgyz,কিরগিজ,Cyrillic,B,,"Medical study (many South Asian students)"
Middle East & Central Asia,Tajik,তাজিক,Cyrillic,B,,"Persian in Cyrillic; reuses the Persian book"
Middle East & Central Asia,Turkmen,তুর্কমেন,Latin,B,,"Turkic family"
Middle East & Central Asia,Uyghur,উইঘুর,Arabic (Uyghur),C,,"Muslim community"
Middle East & Central Asia,Mongolian,মঙ্গোলীয়,Cyrillic,B,,"Exotic culture and travel"
East Asia,Mandarin Chinese (Simplified),চীনা (ম্যান্ডারিন),Han (simplified) + Pinyin,A,R,"Scholarships, trade, project staff"
East Asia,Chinese (Traditional) / Cantonese,ক্যান্টোনিজ / প্রথাগত চীনা,Han (traditional) + Jyutping,B,S M,"Hong Kong, Taiwan, Macau"
East Asia,Japanese,জাপানি,Kana + Kanji,A,R M,"TITP and Specified Skilled Worker routes"
East Asia,Korean,কোরিয়ান,Hangul,A,R,"EPS-TOPIK job route"
Southeast Asia,Malay,মালয়,Latin,A,R S,"Malaysia: workers and students"
Southeast Asia,Indonesian,ইন্দোনেশীয়,Latin,A,K,"Largest Muslim country; near-twin of Malay"
Southeast Asia,Thai,থাই,Thai,A,,"Medical tourism; an abugida like Bangla"
Southeast Asia,Vietnamese,ভিয়েতনামি,Latin + tone marks,A,,"Growing business ties"
Southeast Asia,Filipino (Tagalog),ফিলিপিনো,Latin,A,,"Filipino co-workers across the Gulf"
Southeast Asia,Cebuano,সেবুয়ানো,Latin,B,,"Southern Philippines (Mindanao Muslims nearby)"
Southeast Asia,Khmer,খমের,Khmer,B,K,"Angkor; Cham Muslim community"
Southeast Asia,Burmese,বর্মি,Myanmar,B,,"Neighbour country"
Southeast Asia,Lao,লাও,Lao,B,,"Travel"
Southeast Asia,Javanese,জাভানিজ,Latin,B,,"Indonesia's largest mother tongue"
Southeast Asia,Sundanese,সুন্দানিজ,Latin,C,,"West Java"
Southeast Asia,Tetum,তেতুম,Latin,C,,"East Timor (UN peacekeeping history)"
Europe — major,English,ইংরেজি,Latin,A,R,"Everyone; base layer for IELTS"
Europe — major,French,ফরাসি,Latin,A,R K ✓,"Book built (1st and 2nd editions)"
Europe — major,Spanish,স্প্যানিশ,Latin,A,R K S,"Spain and Latin America"
Europe — major,Portuguese,পর্তুগিজ,Latin,A,R S M,"Portugal migration; Brazil"
Europe — major,German,জার্মান,Latin,A,R K S,"Study and Ausbildung"
Europe — major,Italian,ইতালীয়,Latin,A,R S M,"Large Bangladeshi diaspora"
Europe — major,Russian,রুশ,Cyrillic,A,R S,"Study; Rooppur project"
Europe — major,Dutch,ডাচ,Latin,A,S M,"Netherlands study"
Europe — major,Polish,পোলিশ,Latin,A,M,"EU work-permit route"
Europe — major,Romanian,রোমানীয়,Latin,A,R K,"EU work-permit route"
Europe — major,Greek,গ্রিক,Greek,A,R K,"Workers in Greece"
Europe — major,Ukrainian,ইউক্রেনীয়,Cyrillic,A,K,"Former study destination"
Europe — major,Latin,লাতিন,Latin,A,M,"Classical; science and law vocabulary"
Europe — major,Esperanto,এস্পেরান্তো,Latin,A,,"Constructed world language; very fast book"
Europe — Central & Eastern,Czech,চেক,Latin,A,K,"EU work route"
Europe — Central & Eastern,Slovak,স্লোভাক,Latin,A,K,"EU work route"
Europe — Central & Eastern,Hungarian,হাঙ্গেরীয়,Latin,A,K,"Stipendium Hungaricum scholarships"
Europe — Central & Eastern,Croatian,ক্রোয়েশীয়,Latin,A,K,"EU work route (fast-growing)"
Europe — Central & Eastern,Serbian,সার্বীয়,Cyrillic + Latin,A,K,"Work route"
Europe — Central & Eastern,Bosnian,বসনীয়,Latin,A,S,"European Muslim heritage"
Europe — Central & Eastern,Albanian,আলবেনীয়,Latin,A,S,"European Muslim-majority people"
Europe — Central & Eastern,Slovenian,স্লোভেনীয়,Latin,A,K,"EU"
Europe — Central & Eastern,Bulgarian,বুলগেরীয়,Cyrillic,A,K,"EU; Muslim minority"
Europe — Central & Eastern,Macedonian,মেসিডোনীয়,Cyrillic,B,K,"Balkans"
Europe — Central & Eastern,Belarusian,বেলারুশীয়,Cyrillic,B,K,"Study"
Europe — Central & Eastern,Lithuanian,লিথুয়ানীয়,Latin,B,K,"EU work and study"
Europe — Central & Eastern,Latvian,লাটভীয়,Latin,B,K,"EU work and study"
Europe — Central & Eastern,Estonian,এস্তোনীয়,Latin,A,K,"EU study (e-residency, IT)"
Europe — Nordic,Swedish,সুইডিশ,Latin,A,M,"Study and family migration"
Europe — Nordic,Norwegian,নরওয়েজীয়,Latin,A,M,"Work"
Europe — Nordic,Danish,ডেনিশ,Latin,A,M,"Study"
Europe — Nordic,Finnish,ফিনিশ,Latin,A,M,"Study (free or low-tuition routes)"
Europe — Nordic,Icelandic,আইসল্যান্ডিক,Latin,B,M,"Exotic culture"
Europe — Nordic,Faroese,ফ্যারোইজ,Latin,C,K,"Tiny market"
Europe — regional,Catalan,কাতালান,Latin,A,M,"Barcelona: a large Bangladeshi community"
Europe — regional,Galician,গালিসীয়,Latin,A,M,"Spain"
Europe — regional,Basque,বাস্ক,Latin,B,M,"Unique language isolate"
Europe — regional,Maltese,মাল্টিজ,Latin,B,K,"Semitic language in Latin script; Arabic links; EU work"
Europe — regional,Irish,আইরিশ,Latin,B,M,"Ireland"
Europe — regional,Welsh,ওয়েলশ,Latin,B,M,"UK (Cardiff community)"
Europe — regional,Luxembourgish,লুক্সেমবার্গীয়,Latin,B,M,"Small but rich market"
Europe — regional,Scottish Gaelic,স্কটিশ গেলিক,Latin,C,M,"Heritage"
Europe — regional,Breton,ব্রেটন,Latin,C,M,"Heritage"
Europe — regional,West Frisian,ফ্রিজিয়ান,Latin,C,M,"Heritage"
Europe — regional,Corsican,করসিকান,Latin,C,M,"Heritage"
Europe — regional,Occitan / Provençal,অক্সিতান,Latin,C,M,"Heritage"
Europe — regional,Romansh,রোমান্শ,Latin,C,M,"Switzerland"
Europe — regional,Alsatian,আলসাসিয়ান,Latin,C,M,"Heritage"
Europe — regional,Scots,স্কটস,Latin,C,M,"Heritage"
Europe — regional,Manx,ম্যাংক্স,Latin,C,M,"Heritage"
Europe — regional,Cornish,কর্নিশ,Latin,C,M,"Heritage"
Africa,Swahili,সোয়াহিলি,Latin,A,S,"East Africa; peacekeeping; many Arabic loanwords"
Africa,Afrikaans,আফ্রিকান্স,Latin,A,M,"South Africa"
Africa,Amharic,আমহারিক,Ge'ez (Ethiopic),B,,"Ethiopia: the first hijrah (Abyssinia)"
Africa,Somali,সোমালি,Latin,B,S,"Muslim people; East Africa and Gulf"
Africa,Hausa,হাউসা,Latin (+ Ajami),B,,"West Africa's Muslim lingua franca"
Africa,Yoruba,ইয়োরুবা,Latin + tone marks,B,,"Nigeria"
Africa,Igbo,ইগবো,Latin + tone marks,B,,"Nigeria"
Africa,Zulu,জুলু,Latin,B,K,"South Africa"
Africa,Xhosa,খোসা,Latin (+ clicks),B,K,"South Africa; click sounds"
Africa,Berber / Tamazight,আমাজিগ (বারবার),Tifinagh / Latin,C,,"North African Muslim heritage"
Africa,Oromo,ওরোমো,Latin,C,,"Ethiopia"
Africa,Tigrinya,তিগরিনিয়া,Ge'ez (Ethiopic),C,,"Eritrea"
Africa,Fula (Fulfulde / Pular),ফুলা,Latin / Adlam,C,,"Sahel Muslim people"
Africa,Wolof,উলোফ,Latin,C,,"Senegal (peacekeeping)"
Africa,Malagasy,মালাগাসি,Latin,C,,"Madagascar"
Africa,Lingala,লিঙ্গালা,Latin,C,,"DR Congo (Bangladeshi peacekeepers)"
Africa,Shona,শোনা,Latin,C,K,"Zimbabwe"
Africa,Kinyarwanda,কিনিয়ারোয়ান্ডা,Latin,C,K,"Rwanda"
Africa,Kirundi,কিরুন্ডি,Latin,C,,"Burundi"
Africa,Luganda,লুগান্ডা,Latin,C,,"Uganda"
Africa,Chichewa,চিচেওয়া,Latin,C,,"Malawi"
Africa,Sesotho,সেসোথো,Latin,C,,"Lesotho, South Africa"
Africa,Setswana,সেতসোয়ানা,Latin,C,,"Botswana"
Africa,Akan (Twi),আকান (টুই),Latin,C,,"Ghana"
Americas & Pacific,Haitian Creole,হাইতীয় ক্রেওল,Latin,B,,"Haiti (peacekeeping)"
Americas & Pacific,Quechua,কেচুয়া,Latin,C,,"Andes: Inca heritage"
Americas & Pacific,Guarani,গুয়ারানি,Latin,C,,"Paraguay"
Americas & Pacific,Māori,মাওরি,Latin,C,,"New Zealand"
Americas & Pacific,Samoan,সামোয়ান,Latin,C,,"Pacific"
Americas & Pacific,Fijian,ফিজিয়ান,Latin,C,,"Fiji"
Americas & Pacific,Tok Pisin,টোক পিসিন,Latin,C,,"Papua New Guinea"
Americas & Pacific,Hawaiian,হাওয়াইয়ান,Latin,C,,"Heritage"
