id,theme_code,theme_bn,theme_en,no_in_theme,bangla,english,target_script,bangla_pronunciation,romanization,notes
1,T01,সর্বনাম ও ছোট শব্দ,Pronouns & little words,1,আমি,I,,,,
2,T01,সর্বনাম ও ছোট শব্দ,Pronouns & little words,2,তুমি / আপনি,you,,,,
3,T01,সর্বনাম ও ছোট শব্দ,Pronouns & little words,3,সে (পুরুষ),he,,,,
4,T01,সর্বনাম ও ছোট শব্দ,Pronouns & little words,4,সে (নারী),she,,,,
5,T01,সর্বনাম ও ছোট শব্দ,Pronouns & little words,5,আমরা,we,,,,
6,T01,সর্বনাম ও ছোট শব্দ,Pronouns & little words,6,তারা,they,,,,
7,T01,সর্বনাম ও ছোট শব্দ,Pronouns & little words,7,এটা,this,,,,
8,T01,সর্বনাম ও ছোট শব্দ,Pronouns & little words,8,ওটা,that,,,,
9,T01,সর্বনাম ও ছোট শব্দ,Pronouns & little words,9,এখানে,here,,,,
10,T01,সর্বনাম ও ছোট শব্দ,Pronouns & little words,10,সেখানে,there,,,,
11,T01,সর্বনাম ও ছোট শব্দ,Pronouns & little words,11,এবং,and,,,,
12,T01,সর্বনাম ও ছোট শব্দ,Pronouns & little words,12,কিন্তু,but,,,,
13,T01,সর্বনাম ও ছোট শব্দ,Pronouns & little words,13,অথবা,or,,,,
14,T01,সর্বনাম ও ছোট শব্দ,Pronouns & little words,14,কারণ,because,,,,
15,T01,সর্বনাম ও ছোট শব্দ,Pronouns & little words,15,সাথে,with,,,,
16,T01,সর্বনাম ও ছোট শব্দ,Pronouns & little words,16,ছাড়া,without,,,,
17,T01,সর্বনাম ও ছোট শব্দ,Pronouns & little words,17,ভেতরে,in / inside,,,,
18,T01,সর্বনাম ও ছোট শব্দ,Pronouns & little words,18,ওপরে,on / above,,,,
19,T01,সর্বনাম ও ছোট শব্দ,Pronouns & little words,19,নিচে,under / below,,,,
20,T01,সর্বনাম ও ছোট শব্দ,Pronouns & little words,20,হ্যাঁ,yes,,,,
21,T01,সর্বনাম ও ছোট শব্দ,Pronouns & little words,21,না,no / not,,,,
22,T01,সর্বনাম ও ছোট শব্দ,Pronouns & little words,22,খুব,very,,,,
23,T01,সর্বনাম ও ছোট শব্দ,Pronouns & little words,23,আরও,also / more,,,,
24,T01,সর্বনাম ও ছোট শব্দ,Pronouns & little words,24,শুধু,only,,,,
25,T01,সর্বনাম ও ছোট শব্দ,Pronouns & little words,25,সব,all,,,,
26,T02,প্রশ্ন ও দরকারি কথা,Questions & key expressions,1,কী,what,,,,
27,T02,প্রশ্ন ও দরকারি কথা,Questions & key expressions,2,কে,who,,,,
28,T02,প্রশ্ন ও দরকারি কথা,Questions & key expressions,3,কোথায়,where,,,,
29,T02,প্রশ্ন ও দরকারি কথা,Questions & key expressions,4,কখন,when,,,,
30,T02,প্রশ্ন ও দরকারি কথা,Questions & key expressions,5,কেন,why,,,,
31,T02,প্রশ্ন ও দরকারি কথা,Questions & key expressions,6,কীভাবে,how,,,,
32,T02,প্রশ্ন ও দরকারি কথা,Questions & key expressions,7,কত,how much / how many,,,,
33,T02,প্রশ্ন ও দরকারি কথা,Questions & key expressions,8,কোনটা,which,,,,
34,T02,প্রশ্ন ও দরকারি কথা,Questions & key expressions,9,শুভেচ্ছা (হ্যালো),hello,,,,
35,T02,প্রশ্ন ও দরকারি কথা,Questions & key expressions,10,বিদায়,goodbye,,,,
36,T02,প্রশ্ন ও দরকারি কথা,Questions & key expressions,11,দয়া করে,please,,,,
37,T02,প্রশ্ন ও দরকারি কথা,Questions & key expressions,12,ধন্যবাদ,thank you,,,,
38,T02,প্রশ্ন ও দরকারি কথা,Questions & key expressions,13,দুঃখিত,sorry,,,,
39,T02,প্রশ্ন ও দরকারি কথা,Questions & key expressions,14,মাফ করবেন,excuse me,,,,
40,T02,প্রশ্ন ও দরকারি কথা,Questions & key expressions,15,স্বাগতম,welcome,,,,
41,T02,প্রশ্ন ও দরকারি কথা,Questions & key expressions,16,ঠিক আছে,okay,,,,
42,T02,প্রশ্ন ও দরকারি কথা,Questions & key expressions,17,অবশ্যই,of course,,,,
43,T02,প্রশ্ন ও দরকারি কথা,Questions & key expressions,18,হয়তো,maybe,,,,
44,T02,প্রশ্ন ও দরকারি কথা,Questions & key expressions,19,অভিনন্দন,congratulations,,,,
45,T02,প্রশ্ন ও দরকারি কথা,Questions & key expressions,20,সুপ্রভাত,good morning,,,,
46,T02,প্রশ্ন ও দরকারি কথা,Questions & key expressions,21,শুভরাত্রি,good night,,,,
47,T02,প্রশ্ন ও দরকারি কথা,Questions & key expressions,22,আবার দেখা হবে,see you,,,,
48,T02,প্রশ্ন ও দরকারি কথা,Questions & key expressions,23,সমস্যা নেই,no problem,,,,
49,T02,প্রশ্ন ও দরকারি কথা,Questions & key expressions,24,আমি বুঝতে পারছি না,I don't understand,,,,
50,T02,প্রশ্ন ও দরকারি কথা,Questions & key expressions,25,আবার বলুন,please say it again,,,,
51,T03,মানুষ ও পরিবার,People & family,1,মানুষ,person,,,,
52,T03,মানুষ ও পরিবার,People & family,2,পুরুষ,man,,,,
53,T03,মানুষ ও পরিবার,People & family,3,নারী,woman,,,,
54,T03,মানুষ ও পরিবার,People & family,4,শিশু,child,,,,
55,T03,মানুষ ও পরিবার,People & family,5,ছেলে,boy / son,,,,
56,T03,মানুষ ও পরিবার,People & family,6,মেয়ে,girl / daughter,,,,
57,T03,মানুষ ও পরিবার,People & family,7,বাবা,father,,,,
58,T03,মানুষ ও পরিবার,People & family,8,মা,mother,,,,
59,T03,মানুষ ও পরিবার,People & family,9,ভাই,brother,,,,
60,T03,মানুষ ও পরিবার,People & family,10,বোন,sister,,,,
61,T03,মানুষ ও পরিবার,People & family,11,স্বামী,husband,,,,
62,T03,মানুষ ও পরিবার,People & family,12,স্ত্রী,wife,,,,
63,T03,মানুষ ও পরিবার,People & family,13,দাদা / নানা,grandfather,,,,
64,T03,মানুষ ও পরিবার,People & family,14,দাদি / নানি,grandmother,,,,
65,T03,মানুষ ও পরিবার,People & family,15,চাচা / মামা,uncle,,,,
66,T03,মানুষ ও পরিবার,People & family,16,চাচি / খালা,aunt,,,,
67,T03,মানুষ ও পরিবার,People & family,17,চাচাতো-মামাতো ভাইবোন,cousin,,,,
68,T03,মানুষ ও পরিবার,People & family,18,বন্ধু,friend,,,,
69,T03,মানুষ ও পরিবার,People & family,19,প্রতিবেশী,neighbour,,,,
70,T03,মানুষ ও পরিবার,People & family,20,অতিথি,guest,,,,
71,T03,মানুষ ও পরিবার,People & family,21,পরিবার,family,,,,
72,T03,মানুষ ও পরিবার,People & family,22,নাম,name,,,,
73,T03,মানুষ ও পরিবার,People & family,23,বয়স,age,,,,
74,T03,মানুষ ও পরিবার,People & family,24,আত্মীয়,relative,,,,
75,T03,মানুষ ও পরিবার,People & family,25,সহকর্মী,colleague,,,,
76,T04,শরীর ও স্বাস্থ্য,Body & health,1,মাথা,head,,,,
77,T04,শরীর ও স্বাস্থ্য,Body & health,2,চোখ,eye,,,,
78,T04,শরীর ও স্বাস্থ্য,Body & health,3,কান,ear,,,,
79,T04,শরীর ও স্বাস্থ্য,Body & health,4,নাক,nose,,,,
80,T04,শরীর ও স্বাস্থ্য,Body & health,5,মুখ,mouth,,,,
81,T04,শরীর ও স্বাস্থ্য,Body & health,6,দাঁত,tooth,,,,
82,T04,শরীর ও স্বাস্থ্য,Body & health,7,হাত,hand / arm,,,,
83,T04,শরীর ও স্বাস্থ্য,Body & health,8,পা,foot / leg,,,,
84,T04,শরীর ও স্বাস্থ্য,Body & health,9,পেট,stomach,,,,
85,T04,শরীর ও স্বাস্থ্য,Body & health,10,বুক,chest,,,,
86,T04,শরীর ও স্বাস্থ্য,Body & health,11,পিঠ,back,,,,
87,T04,শরীর ও স্বাস্থ্য,Body & health,12,হৃদপিণ্ড,heart,,,,
88,T04,শরীর ও স্বাস্থ্য,Body & health,13,রক্ত,blood,,,,
89,T04,শরীর ও স্বাস্থ্য,Body & health,14,জ্বর,fever,,,,
90,T04,শরীর ও স্বাস্থ্য,Body & health,15,ব্যথা,pain,,,,
91,T04,শরীর ও স্বাস্থ্য,Body & health,16,কাশি,cough,,,,
92,T04,শরীর ও স্বাস্থ্য,Body & health,17,সর্দি,cold (illness),,,,
93,T04,শরীর ও স্বাস্থ্য,Body & health,18,অসুখ,illness,,,,
94,T04,শরীর ও স্বাস্থ্য,Body & health,19,ওষুধ,medicine,,,,
95,T04,শরীর ও স্বাস্থ্য,Body & health,20,ডাক্তার,doctor,,,,
96,T04,শরীর ও স্বাস্থ্য,Body & health,21,হাসপাতাল,hospital,,,,
97,T04,শরীর ও স্বাস্থ্য,Body & health,22,নার্স,nurse,,,,
98,T04,শরীর ও স্বাস্থ্য,Body & health,23,অ্যালার্জি,allergy,,,,
99,T04,শরীর ও স্বাস্থ্য,Body & health,24,ইনজেকশন,injection,,,,
100,T04,শরীর ও স্বাস্থ্য,Body & health,25,ঘুম,sleep,,,,
101,T05,খাবার ও পানীয়,Food & drink,1,পানি,water,,,,
102,T05,খাবার ও পানীয়,Food & drink,2,ভাত,rice (cooked),,,,
103,T05,খাবার ও পানীয়,Food & drink,3,রুটি,bread,,,,
104,T05,খাবার ও পানীয়,Food & drink,4,মাংস,meat,,,,
105,T05,খাবার ও পানীয়,Food & drink,5,মুরগি,chicken,,,,
106,T05,খাবার ও পানীয়,Food & drink,6,মাছ,fish,,,,
107,T05,খাবার ও পানীয়,Food & drink,7,ডিম,egg,,,,
108,T05,খাবার ও পানীয়,Food & drink,8,সবজি,vegetable,,,,
109,T05,খাবার ও পানীয়,Food & drink,9,ফল,fruit,,,,
110,T05,খাবার ও পানীয়,Food & drink,10,দুধ,milk,,,,
111,T05,খাবার ও পানীয়,Food & drink,11,চা,tea,,,,
112,T05,খাবার ও পানীয়,Food & drink,12,কফি,coffee,,,,
113,T05,খাবার ও পানীয়,Food & drink,13,চিনি,sugar,,,,
114,T05,খাবার ও পানীয়,Food & drink,14,লবণ,salt,,,,
115,T05,খাবার ও পানীয়,Food & drink,15,তেল,oil,,,,
116,T05,খাবার ও পানীয়,Food & drink,16,ডাল,lentils,,,,
117,T05,খাবার ও পানীয়,Food & drink,17,আলু,potato,,,,
118,T05,খাবার ও পানীয়,Food & drink,18,পেঁয়াজ,onion,,,,
119,T05,খাবার ও পানীয়,Food & drink,19,মরিচ,chilli,,,,
120,T05,খাবার ও পানীয়,Food & drink,20,সকালের নাশতা,breakfast,,,,
121,T05,খাবার ও পানীয়,Food & drink,21,দুপুরের খাবার,lunch,,,,
122,T05,খাবার ও পানীয়,Food & drink,22,রাতের খাবার,dinner,,,,
123,T05,খাবার ও পানীয়,Food & drink,23,খাবার,food,,,,
124,T05,খাবার ও পানীয়,Food & drink,24,রস,juice,,,,
125,T05,খাবার ও পানীয়,Food & drink,25,হালাল,halal,,,,
126,T06,বাড়ি ও সংসার,Home & household,1,বাড়ি,house / home,,,,
127,T06,বাড়ি ও সংসার,Home & household,2,ঘর,room,,,,
128,T06,বাড়ি ও সংসার,Home & household,3,দরজা,door,,,,
129,T06,বাড়ি ও সংসার,Home & household,4,জানালা,window,,,,
130,T06,বাড়ি ও সংসার,Home & household,5,রান্নাঘর,kitchen,,,,
131,T06,বাড়ি ও সংসার,Home & household,6,বাথরুম,bathroom,,,,
132,T06,বাড়ি ও সংসার,Home & household,7,বিছানা,bed,,,,
133,T06,বাড়ি ও সংসার,Home & household,8,টেবিল,table,,,,
134,T06,বাড়ি ও সংসার,Home & household,9,চেয়ার,chair,,,,
135,T06,বাড়ি ও সংসার,Home & household,10,চাবি,key,,,,
136,T06,বাড়ি ও সংসার,Home & household,11,বাতি,light / lamp,,,,
137,T06,বাড়ি ও সংসার,Home & household,12,পাখা,fan,,,,
138,T06,বাড়ি ও সংসার,Home & household,13,ফ্রিজ,fridge,,,,
139,T06,বাড়ি ও সংসার,Home & household,14,কাপড়,clothes,,,,
140,T06,বাড়ি ও সংসার,Home & household,15,জুতা,shoes,,,,
141,T06,বাড়ি ও সংসার,Home & household,16,সাবান,soap,,,,
142,T06,বাড়ি ও সংসার,Home & household,17,তোয়ালে,towel,,,,
143,T06,বাড়ি ও সংসার,Home & household,18,থালা,plate,,,,
144,T06,বাড়ি ও সংসার,Home & household,19,গ্লাস,glass,,,,
145,T06,বাড়ি ও সংসার,Home & household,20,চামচ,spoon,,,,
146,T06,বাড়ি ও সংসার,Home & household,21,ছুরি,knife,,,,
147,T06,বাড়ি ও সংসার,Home & household,22,ভাড়া,rent,,,,
148,T06,বাড়ি ও সংসার,Home & household,23,বাড়িওয়ালা,landlord,,,,
149,T06,বাড়ি ও সংসার,Home & household,24,ঠিকানা,address,,,,
150,T06,বাড়ি ও সংসার,Home & household,25,তলা,floor (storey),,,,
151,T07,শহর ও পথনির্দেশ,City & directions,1,শহর,city,,,,
152,T07,শহর ও পথনির্দেশ,City & directions,2,গ্রাম,village,,,,
153,T07,শহর ও পথনির্দেশ,City & directions,3,রাস্তা,road / street,,,,
154,T07,শহর ও পথনির্দেশ,City & directions,4,দোকান,shop,,,,
155,T07,শহর ও পথনির্দেশ,City & directions,5,বাজার,market,,,,
156,T07,শহর ও পথনির্দেশ,City & directions,6,ব্যাংক,bank,,,,
157,T07,শহর ও পথনির্দেশ,City & directions,7,ফার্মেসি,pharmacy,,,,
158,T07,শহর ও পথনির্দেশ,City & directions,8,রেস্তোরাঁ,restaurant,,,,
159,T07,শহর ও পথনির্দেশ,City & directions,9,হোটেল,hotel,,,,
160,T07,শহর ও পথনির্দেশ,City & directions,10,পার্ক,park,,,,
161,T07,শহর ও পথনির্দেশ,City & directions,11,থানা,police station,,,,
162,T07,শহর ও পথনির্দেশ,City & directions,12,ডাকঘর,post office,,,,
163,T07,শহর ও পথনির্দেশ,City & directions,13,অফিস,office,,,,
164,T07,শহর ও পথনির্দেশ,City & directions,14,ডানে,right,,,,
165,T07,শহর ও পথনির্দেশ,City & directions,15,বামে,left,,,,
166,T07,শহর ও পথনির্দেশ,City & directions,16,সোজা,straight ahead,,,,
167,T07,শহর ও পথনির্দেশ,City & directions,17,কাছে,near,,,,
168,T07,শহর ও পথনির্দেশ,City & directions,18,দূরে,far,,,,
169,T07,শহর ও পথনির্দেশ,City & directions,19,সামনে,in front,,,,
170,T07,শহর ও পথনির্দেশ,City & directions,20,পেছনে,behind,,,,
171,T07,শহর ও পথনির্দেশ,City & directions,21,মোড়,corner / turn,,,,
172,T07,শহর ও পথনির্দেশ,City & directions,22,সেতু,bridge,,,,
173,T07,শহর ও পথনির্দেশ,City & directions,23,মানচিত্র,map,,,,
174,T07,শহর ও পথনির্দেশ,City & directions,24,পাশে,next to,,,,
175,T07,শহর ও পথনির্দেশ,City & directions,25,ভবন,building,,,,
176,T08,যানবাহন ও ভ্রমণ,Transport & travel,1,গাড়ি,car,,,,
177,T08,যানবাহন ও ভ্রমণ,Transport & travel,2,বাস,bus,,,,
178,T08,যানবাহন ও ভ্রমণ,Transport & travel,3,ট্রেন,train,,,,
179,T08,যানবাহন ও ভ্রমণ,Transport & travel,4,বিমান,airplane,,,,
180,T08,যানবাহন ও ভ্রমণ,Transport & travel,5,বিমানবন্দর,airport,,,,
181,T08,যানবাহন ও ভ্রমণ,Transport & travel,6,স্টেশন,station,,,,
182,T08,যানবাহন ও ভ্রমণ,Transport & travel,7,ট্যাক্সি,taxi,,,,
183,T08,যানবাহন ও ভ্রমণ,Transport & travel,8,জাহাজ,ship,,,,
184,T08,যানবাহন ও ভ্রমণ,Transport & travel,9,সাইকেল,bicycle,,,,
185,T08,যানবাহন ও ভ্রমণ,Transport & travel,10,টিকিট,ticket,,,,
186,T08,যানবাহন ও ভ্রমণ,Transport & travel,11,ব্যাগ,bag,,,,
187,T08,যানবাহন ও ভ্রমণ,Transport & travel,12,লাগেজ,luggage,,,,
188,T08,যানবাহন ও ভ্রমণ,Transport & travel,13,ভ্রমণ,trip / journey,,,,
189,T08,যানবাহন ও ভ্রমণ,Transport & travel,14,আগমন,arrival,,,,
190,T08,যানবাহন ও ভ্রমণ,Transport & travel,15,প্রস্থান,departure,,,,
191,T08,যানবাহন ও ভ্রমণ,Transport & travel,16,দেরি,delay,,,,
192,T08,যানবাহন ও ভ্রমণ,Transport & travel,17,আসন,seat,,,,
193,T08,যানবাহন ও ভ্রমণ,Transport & travel,18,চালক,driver,,,,
194,T08,যানবাহন ও ভ্রমণ,Transport & travel,19,গেট,gate,,,,
195,T08,যানবাহন ও ভ্রমণ,Transport & travel,20,প্ল্যাটফর্ম,platform,,,,
196,T08,যানবাহন ও ভ্রমণ,Transport & travel,21,বাস স্টপ,bus stop,,,,
197,T08,যানবাহন ও ভ্রমণ,Transport & travel,22,পর্যটক,tourist,,,,
198,T08,যানবাহন ও ভ্রমণ,Transport & travel,23,বুকিং,reservation,,,,
199,T08,যানবাহন ও ভ্রমণ,Transport & travel,24,পথ,route / way,,,,
200,T08,যানবাহন ও ভ্রমণ,Transport & travel,25,সীমান্ত,border,,,,
201,T09,কেনাকাটা ও টাকা,Shopping & money,1,টাকা,money,,,,
202,T09,কেনাকাটা ও টাকা,Shopping & money,2,দাম,price,,,,
203,T09,কেনাকাটা ও টাকা,Shopping & money,3,নগদ,cash,,,,
204,T09,কেনাকাটা ও টাকা,Shopping & money,4,কার্ড,card,,,,
205,T09,কেনাকাটা ও টাকা,Shopping & money,5,রসিদ,receipt,,,,
206,T09,কেনাকাটা ও টাকা,Shopping & money,6,ছাড়,discount,,,,
207,T09,কেনাকাটা ও টাকা,Shopping & money,7,বিক্রেতা,seller,,,,
208,T09,কেনাকাটা ও টাকা,Shopping & money,8,ক্রেতা,customer,,,,
209,T09,কেনাকাটা ও টাকা,Shopping & money,9,মাপ,size,,,,
210,T09,কেনাকাটা ও টাকা,Shopping & money,10,রং,colour,,,,
211,T09,কেনাকাটা ও টাকা,Shopping & money,11,কেজি,kilogram,,,,
212,T09,কেনাকাটা ও টাকা,Shopping & money,12,লিটার,litre,,,,
213,T09,কেনাকাটা ও টাকা,Shopping & money,13,প্যাকেট,packet,,,,
214,T09,কেনাকাটা ও টাকা,Shopping & money,14,খুচরা,change (money),,,,
215,T09,কেনাকাটা ও টাকা,Shopping & money,15,মুদ্রা,currency,,,,
216,T09,কেনাকাটা ও টাকা,Shopping & money,16,বিনিময়,exchange,,,,
217,T09,কেনাকাটা ও টাকা,Shopping & money,17,বিল,bill,,,,
218,T09,কেনাকাটা ও টাকা,Shopping & money,18,কর,tax,,,,
219,T09,কেনাকাটা ও টাকা,Shopping & money,19,বেতন,salary,,,,
220,T09,কেনাকাটা ও টাকা,Shopping & money,20,ধার,debt / loan,,,,
221,T09,কেনাকাটা ও টাকা,Shopping & money,21,দর কষাকষি,bargaining,,,,
222,T09,কেনাকাটা ও টাকা,Shopping & money,22,ফেরত,refund / return,,,,
223,T09,কেনাকাটা ও টাকা,Shopping & money,23,লাইন,queue,,,,
224,T09,কেনাকাটা ও টাকা,Shopping & money,24,মোট,total,,,,
225,T09,কেনাকাটা ও টাকা,Shopping & money,25,জোড়া,pair,,,,
226,T10,কাজ ও পেশা,Work & professions,1,কাজ,work,,,,
227,T10,কাজ ও পেশা,Work & professions,2,চাকরি,job / employment,,,,
228,T10,কাজ ও পেশা,Work & professions,3,কর্মী,worker,,,,
229,T10,কাজ ও পেশা,Work & professions,4,মালিক,owner / boss,,,,
230,T10,কাজ ও পেশা,Work & professions,5,ম্যানেজার,manager,,,,
231,T10,কাজ ও পেশা,Work & professions,6,কোম্পানি,company,,,,
232,T10,কাজ ও পেশা,Work & professions,7,কারখানা,factory,,,,
233,T10,কাজ ও পেশা,Work & professions,8,নির্মাণ,construction,,,,
234,T10,কাজ ও পেশা,Work & professions,9,কৃষক,farmer,,,,
235,T10,কাজ ও পেশা,Work & professions,10,প্রকৌশলী,engineer,,,,
236,T10,কাজ ও পেশা,Work & professions,11,রাঁধুনি,cook (person),,,,
237,T10,কাজ ও পেশা,Work & professions,12,পরিচ্ছন্নতাকর্মী,cleaner,,,,
238,T10,কাজ ও পেশা,Work & professions,13,নিরাপত্তারক্ষী,security guard,,,,
239,T10,কাজ ও পেশা,Work & professions,14,বিক্রয়কর্মী,salesperson,,,,
240,T10,কাজ ও পেশা,Work & professions,15,দর্জি,tailor,,,,
241,T10,কাজ ও পেশা,Work & professions,16,মিস্ত্রি,mechanic,,,,
242,T10,কাজ ও পেশা,Work & professions,17,বিদ্যুৎমিস্ত্রি,electrician,,,,
243,T10,কাজ ও পেশা,Work & professions,18,ওভারটাইম,overtime,,,,
244,T10,কাজ ও পেশা,Work & professions,19,ছুটি,leave / day off,,,,
245,T10,কাজ ও পেশা,Work & professions,20,চুক্তি,contract,,,,
246,T10,কাজ ও পেশা,Work & professions,21,সাক্ষাৎকার,interview,,,,
247,T10,কাজ ও পেশা,Work & professions,22,অভিজ্ঞতা,experience,,,,
248,T10,কাজ ও পেশা,Work & professions,23,দক্ষতা,skill,,,,
249,T10,কাজ ও পেশা,Work & professions,24,শিফট,shift,,,,
250,T10,কাজ ও পেশা,Work & professions,25,নিয়োগকর্তা,employer,,,,
251,T11,শিক্ষা ও যোগাযোগ,Education & communication,1,বিদ্যালয়,school,,,,
252,T11,শিক্ষা ও যোগাযোগ,Education & communication,2,বিশ্ববিদ্যালয়,university,,,,
253,T11,শিক্ষা ও যোগাযোগ,Education & communication,3,শিক্ষক,teacher,,,,
254,T11,শিক্ষা ও যোগাযোগ,Education & communication,4,ছাত্র / ছাত্রী,student,,,,
255,T11,শিক্ষা ও যোগাযোগ,Education & communication,5,বই,book,,,,
256,T11,শিক্ষা ও যোগাযোগ,Education & communication,6,খাতা,notebook,,,,
257,T11,শিক্ষা ও যোগাযোগ,Education & communication,7,কলম,pen,,,,
258,T11,শিক্ষা ও যোগাযোগ,Education & communication,8,পাঠ,lesson,,,,
259,T11,শিক্ষা ও যোগাযোগ,Education & communication,9,পরীক্ষা,exam,,,,
260,T11,শিক্ষা ও যোগাযোগ,Education & communication,10,প্রশ্ন,question,,,,
261,T11,শিক্ষা ও যোগাযোগ,Education & communication,11,উত্তর,answer,,,,
262,T11,শিক্ষা ও যোগাযোগ,Education & communication,12,ভাষা,language,,,,
263,T11,শিক্ষা ও যোগাযোগ,Education & communication,13,শব্দ,word,,,,
264,T11,শিক্ষা ও যোগাযোগ,Education & communication,14,বাক্য,sentence,,,,
265,T11,শিক্ষা ও যোগাযোগ,Education & communication,15,অক্ষর,letter (of alphabet),,,,
266,T11,শিক্ষা ও যোগাযোগ,Education & communication,16,ফোন,phone,,,,
267,T11,শিক্ষা ও যোগাযোগ,Education & communication,17,ফোন নম্বর,phone number,,,,
268,T11,শিক্ষা ও যোগাযোগ,Education & communication,18,ইন্টারনেট,internet,,,,
269,T11,শিক্ষা ও যোগাযোগ,Education & communication,19,বার্তা,message,,,,
270,T11,শিক্ষা ও যোগাযোগ,Education & communication,20,ইমেইল,email,,,,
271,T11,শিক্ষা ও যোগাযোগ,Education & communication,21,ছবি,picture / photo,,,,
272,T11,শিক্ষা ও যোগাযোগ,Education & communication,22,কম্পিউটার,computer,,,,
273,T11,শিক্ষা ও যোগাযোগ,Education & communication,23,চার্জার,charger,,,,
274,T11,শিক্ষা ও যোগাযোগ,Education & communication,24,পাসওয়ার্ড,password,,,,
275,T11,শিক্ষা ও যোগাযোগ,Education & communication,25,ক্লাস,class,,,,
276,T12,"প্রকৃতি, আবহাওয়া ও প্রাণী","Nature, weather & animals",1,সূর্য,sun,,,,
277,T12,"প্রকৃতি, আবহাওয়া ও প্রাণী","Nature, weather & animals",2,চাঁদ,moon,,,,
278,T12,"প্রকৃতি, আবহাওয়া ও প্রাণী","Nature, weather & animals",3,তারা,star,,,,
279,T12,"প্রকৃতি, আবহাওয়া ও প্রাণী","Nature, weather & animals",4,আকাশ,sky,,,,
280,T12,"প্রকৃতি, আবহাওয়া ও প্রাণী","Nature, weather & animals",5,বৃষ্টি,rain,,,,
281,T12,"প্রকৃতি, আবহাওয়া ও প্রাণী","Nature, weather & animals",6,বাতাস,wind,,,,
282,T12,"প্রকৃতি, আবহাওয়া ও প্রাণী","Nature, weather & animals",7,মেঘ,cloud,,,,
283,T12,"প্রকৃতি, আবহাওয়া ও প্রাণী","Nature, weather & animals",8,তুষার,snow,,,,
284,T12,"প্রকৃতি, আবহাওয়া ও প্রাণী","Nature, weather & animals",9,আবহাওয়া,weather,,,,
285,T12,"প্রকৃতি, আবহাওয়া ও প্রাণী","Nature, weather & animals",10,তাপমাত্রা,temperature,,,,
286,T12,"প্রকৃতি, আবহাওয়া ও প্রাণী","Nature, weather & animals",11,নদী,river,,,,
287,T12,"প্রকৃতি, আবহাওয়া ও প্রাণী","Nature, weather & animals",12,সমুদ্র,sea,,,,
288,T12,"প্রকৃতি, আবহাওয়া ও প্রাণী","Nature, weather & animals",13,পাহাড়,mountain,,,,
289,T12,"প্রকৃতি, আবহাওয়া ও প্রাণী","Nature, weather & animals",14,গাছ,tree,,,,
290,T12,"প্রকৃতি, আবহাওয়া ও প্রাণী","Nature, weather & animals",15,ফুল,flower,,,,
291,T12,"প্রকৃতি, আবহাওয়া ও প্রাণী","Nature, weather & animals",16,মাটি,soil / ground,,,,
292,T12,"প্রকৃতি, আবহাওয়া ও প্রাণী","Nature, weather & animals",17,আগুন,fire,,,,
293,T12,"প্রকৃতি, আবহাওয়া ও প্রাণী","Nature, weather & animals",18,পাথর,stone,,,,
294,T12,"প্রকৃতি, আবহাওয়া ও প্রাণী","Nature, weather & animals",19,কুকুর,dog,,,,
295,T12,"প্রকৃতি, আবহাওয়া ও প্রাণী","Nature, weather & animals",20,বিড়াল,cat,,,,
296,T12,"প্রকৃতি, আবহাওয়া ও প্রাণী","Nature, weather & animals",21,পাখি,bird,,,,
297,T12,"প্রকৃতি, আবহাওয়া ও প্রাণী","Nature, weather & animals",22,গরু,cow,,,,
298,T12,"প্রকৃতি, আবহাওয়া ও প্রাণী","Nature, weather & animals",23,ঘোড়া,horse,,,,
299,T12,"প্রকৃতি, আবহাওয়া ও প্রাণী","Nature, weather & animals",24,বন,forest,,,,
300,T12,"প্রকৃতি, আবহাওয়া ও প্রাণী","Nature, weather & animals",25,পৃথিবী,world / earth,,,,
301,T13,সময়ের শব্দ,Time words,1,সময়,time,,,,
302,T13,সময়ের শব্দ,Time words,2,আজ,today,,,,
303,T13,সময়ের শব্দ,Time words,3,আগামীকাল,tomorrow,,,,
304,T13,সময়ের শব্দ,Time words,4,গতকাল,yesterday,,,,
305,T13,সময়ের শব্দ,Time words,5,এখন,now,,,,
306,T13,সময়ের শব্দ,Time words,6,পরে,later / after,,,,
307,T13,সময়ের শব্দ,Time words,7,আগে,before / earlier,,,,
308,T13,সময়ের শব্দ,Time words,8,সকাল,morning,,,,
309,T13,সময়ের শব্দ,Time words,9,দুপুর,noon,,,,
310,T13,সময়ের শব্দ,Time words,10,বিকেল,afternoon,,,,
311,T13,সময়ের শব্দ,Time words,11,সন্ধ্যা,evening,,,,
312,T13,সময়ের শব্দ,Time words,12,রাত,night,,,,
313,T13,সময়ের শব্দ,Time words,13,দিন,day,,,,
314,T13,সময়ের শব্দ,Time words,14,সপ্তাহ,week,,,,
315,T13,সময়ের শব্দ,Time words,15,মাস,month,,,,
316,T13,সময়ের শব্দ,Time words,16,বছর,year,,,,
317,T13,সময়ের শব্দ,Time words,17,ঘণ্টা,hour,,,,
318,T13,সময়ের শব্দ,Time words,18,মিনিট,minute,,,,
319,T13,সময়ের শব্দ,Time words,19,সবসময়,always,,,,
320,T13,সময়ের শব্দ,Time words,20,কখনো না,never,,,,
321,T13,সময়ের শব্দ,Time words,21,মাঝে মাঝে,sometimes,,,,
322,T13,সময়ের শব্দ,Time words,22,প্রায়ই,often,,,,
323,T13,সময়ের শব্দ,Time words,23,শীঘ্রই,soon,,,,
324,T13,সময়ের শব্দ,Time words,24,এখনো,still / yet,,,,
325,T13,সময়ের শব্দ,Time words,25,সপ্তাহান্ত,weekend,,,,
326,T14,অনুভূতি ও চরিত্র,Feelings & character,1,আনন্দ,joy,,,,
327,T14,অনুভূতি ও চরিত্র,Feelings & character,2,দুঃখ,sadness,,,,
328,T14,অনুভূতি ও চরিত্র,Feelings & character,3,ভয়,fear,,,,
329,T14,অনুভূতি ও চরিত্র,Feelings & character,4,রাগ,anger,,,,
330,T14,অনুভূতি ও চরিত্র,Feelings & character,5,ভালোবাসা,love,,,,
331,T14,অনুভূতি ও চরিত্র,Feelings & character,6,দুশ্চিন্তা,worry,,,,
332,T14,অনুভূতি ও চরিত্র,Feelings & character,7,ক্ষুধা,hunger,,,,
333,T14,অনুভূতি ও চরিত্র,Feelings & character,8,তৃষ্ণা,thirst,,,,
334,T14,অনুভূতি ও চরিত্র,Feelings & character,9,ক্লান্তি,tiredness,,,,
335,T14,অনুভূতি ও চরিত্র,Feelings & character,10,লজ্জা,shyness / shame,,,,
336,T14,অনুভূতি ও চরিত্র,Feelings & character,11,আশা,hope,,,,
337,T14,অনুভূতি ও চরিত্র,Feelings & character,12,ধৈর্য,patience,,,,
338,T14,অনুভূতি ও চরিত্র,Feelings & character,13,সম্মান,respect,,,,
339,T14,অনুভূতি ও চরিত্র,Feelings & character,14,বিশ্বাস,trust / faith,,,,
340,T14,অনুভূতি ও চরিত্র,Feelings & character,15,সাহস,courage,,,,
341,T14,অনুভূতি ও চরিত্র,Feelings & character,16,শান্তি,peace,,,,
342,T14,অনুভূতি ও চরিত্র,Feelings & character,17,একাকীত্ব,loneliness,,,,
343,T14,অনুভূতি ও চরিত্র,Feelings & character,18,দেশের জন্য মন খারাপ,homesickness,,,,
344,T14,অনুভূতি ও চরিত্র,Feelings & character,19,হাসি,smile / laughter,,,,
345,T14,অনুভূতি ও চরিত্র,Feelings & character,20,কান্না,crying,,,,
346,T14,অনুভূতি ও চরিত্র,Feelings & character,21,কৃতজ্ঞতা,gratitude,,,,
347,T14,অনুভূতি ও চরিত্র,Feelings & character,22,সততা,honesty,,,,
348,T14,অনুভূতি ও চরিত্র,Feelings & character,23,দয়া,kindness,,,,
349,T14,অনুভূতি ও চরিত্র,Feelings & character,24,বিনয়,humility,,,,
350,T14,অনুভূতি ও চরিত্র,Feelings & character,25,স্বপ্ন,dream,,,,
351,T15,"ধর্ম, সংস্কৃতি ও উৎসব","Religion, culture & festivals",1,ধর্ম,religion,,,,
352,T15,"ধর্ম, সংস্কৃতি ও উৎসব","Religion, culture & festivals",2,আল্লাহ / সৃষ্টিকর্তা,God,,,,
353,T15,"ধর্ম, সংস্কৃতি ও উৎসব","Religion, culture & festivals",3,মসজিদ,mosque,,,,
354,T15,"ধর্ম, সংস্কৃতি ও উৎসব","Religion, culture & festivals",4,মন্দির,temple,,,,
355,T15,"ধর্ম, সংস্কৃতি ও উৎসব","Religion, culture & festivals",5,গির্জা,church,,,,
356,T15,"ধর্ম, সংস্কৃতি ও উৎসব","Religion, culture & festivals",6,নামাজ / প্রার্থনা,prayer,,,,
357,T15,"ধর্ম, সংস্কৃতি ও উৎসব","Religion, culture & festivals",7,রোজা,fasting,,,,
358,T15,"ধর্ম, সংস্কৃতি ও উৎসব","Religion, culture & festivals",8,দান,charity,,,,
359,T15,"ধর্ম, সংস্কৃতি ও উৎসব","Religion, culture & festivals",9,উৎসব,festival,,,,
360,T15,"ধর্ম, সংস্কৃতি ও উৎসব","Religion, culture & festivals",10,ঈদ,Eid,,,,
361,T15,"ধর্ম, সংস্কৃতি ও উৎসব","Religion, culture & festivals",11,ছুটির দিন,holiday,,,,
362,T15,"ধর্ম, সংস্কৃতি ও উৎসব","Religion, culture & festivals",12,বিয়ে,wedding,,,,
363,T15,"ধর্ম, সংস্কৃতি ও উৎসব","Religion, culture & festivals",13,জন্মদিন,birthday,,,,
364,T15,"ধর্ম, সংস্কৃতি ও উৎসব","Religion, culture & festivals",14,উপহার,gift,,,,
365,T15,"ধর্ম, সংস্কৃতি ও উৎসব","Religion, culture & festivals",15,ঐতিহ্য,tradition,,,,
366,T15,"ধর্ম, সংস্কৃতি ও উৎসব","Religion, culture & festivals",16,গান,song,,,,
367,T15,"ধর্ম, সংস্কৃতি ও উৎসব","Religion, culture & festivals",17,নাচ,dance,,,,
368,T15,"ধর্ম, সংস্কৃতি ও উৎসব","Religion, culture & festivals",18,খেলা,game / sport,,,,
369,T15,"ধর্ম, সংস্কৃতি ও উৎসব","Religion, culture & festivals",19,সিনেমা,film / movie,,,,
370,T15,"ধর্ম, সংস্কৃতি ও উৎসব","Religion, culture & festivals",20,গল্প,story,,,,
371,T15,"ধর্ম, সংস্কৃতি ও উৎসব","Religion, culture & festivals",21,কবিতা,poem,,,,
372,T15,"ধর্ম, সংস্কৃতি ও উৎসব","Religion, culture & festivals",22,শিল্পকলা,art,,,,
373,T15,"ধর্ম, সংস্কৃতি ও উৎসব","Religion, culture & festivals",23,ঐতিহ্যবাহী পোশাক,traditional dress,,,,
374,T15,"ধর্ম, সংস্কৃতি ও উৎসব","Religion, culture & festivals",24,দাওয়াত,invitation,,,,
375,T15,"ধর্ম, সংস্কৃতি ও উৎসব","Religion, culture & festivals",25,অভিবাদন,greeting,,,,
376,T16,"কাগজপত্র, নিরাপত্তা ও জরুরি","Documents, safety & emergency",1,পাসপোর্ট,passport,,,,
377,T16,"কাগজপত্র, নিরাপত্তা ও জরুরি","Documents, safety & emergency",2,ভিসা,visa,,,,
378,T16,"কাগজপত্র, নিরাপত্তা ও জরুরি","Documents, safety & emergency",3,পরিচয়পত্র,ID card,,,,
379,T16,"কাগজপত্র, নিরাপত্তা ও জরুরি","Documents, safety & emergency",4,ফরম,form,,,,
380,T16,"কাগজপত্র, নিরাপত্তা ও জরুরি","Documents, safety & emergency",5,স্বাক্ষর,signature,,,,
381,T16,"কাগজপত্র, নিরাপত্তা ও জরুরি","Documents, safety & emergency",6,আবেদন,application,,,,
382,T16,"কাগজপত্র, নিরাপত্তা ও জরুরি","Documents, safety & emergency",7,অনুমতিপত্র,permit,,,,
383,T16,"কাগজপত্র, নিরাপত্তা ও জরুরি","Documents, safety & emergency",8,দূতাবাস,embassy,,,,
384,T16,"কাগজপত্র, নিরাপত্তা ও জরুরি","Documents, safety & emergency",9,অভিবাসন,immigration,,,,
385,T16,"কাগজপত্র, নিরাপত্তা ও জরুরি","Documents, safety & emergency",10,কাস্টমস,customs,,,,
386,T16,"কাগজপত্র, নিরাপত্তা ও জরুরি","Documents, safety & emergency",11,পুলিশ,police,,,,
387,T16,"কাগজপত্র, নিরাপত্তা ও জরুরি","Documents, safety & emergency",12,সাহায্য,help,,,,
388,T16,"কাগজপত্র, নিরাপত্তা ও জরুরি","Documents, safety & emergency",13,বিপদ,danger,,,,
389,T16,"কাগজপত্র, নিরাপত্তা ও জরুরি","Documents, safety & emergency",14,দুর্ঘটনা,accident,,,,
390,T16,"কাগজপত্র, নিরাপত্তা ও জরুরি","Documents, safety & emergency",15,দমকল,fire brigade,,,,
391,T16,"কাগজপত্র, নিরাপত্তা ও জরুরি","Documents, safety & emergency",16,অ্যাম্বুলেন্স,ambulance,,,,
392,T16,"কাগজপত্র, নিরাপত্তা ও জরুরি","Documents, safety & emergency",17,চোর,thief,,,,
393,T16,"কাগজপত্র, নিরাপত্তা ও জরুরি","Documents, safety & emergency",18,হারানো জিনিস,lost property,,,,
394,T16,"কাগজপত্র, নিরাপত্তা ও জরুরি","Documents, safety & emergency",19,জরুরি অবস্থা,emergency,,,,
395,T16,"কাগজপত্র, নিরাপত্তা ও জরুরি","Documents, safety & emergency",20,নিয়ম,rule,,,,
396,T16,"কাগজপত্র, নিরাপত্তা ও জরুরি","Documents, safety & emergency",21,জরিমানা,fine (penalty),,,,
397,T16,"কাগজপত্র, নিরাপত্তা ও জরুরি","Documents, safety & emergency",22,আইন,law,,,,
398,T16,"কাগজপত্র, নিরাপত্তা ও জরুরি","Documents, safety & emergency",23,আইনজীবী,lawyer,,,,
399,T16,"কাগজপত্র, নিরাপত্তা ও জরুরি","Documents, safety & emergency",24,বীমা,insurance,,,,
400,T16,"কাগজপত্র, নিরাপত্তা ও জরুরি","Documents, safety & emergency",25,জন্মতারিখ,date of birth,,,,
401,V,প্রয়োজনীয় ৫০টি ক্রিয়া,50 essential verbs,1,হওয়া,to be,,,,
402,V,প্রয়োজনীয় ৫০টি ক্রিয়া,50 essential verbs,2,থাকা,to stay / to live,,,,
403,V,প্রয়োজনীয় ৫০টি ক্রিয়া,50 essential verbs,3,থাকা (মালিকানা),to have,,,,
404,V,প্রয়োজনীয় ৫০টি ক্রিয়া,50 essential verbs,4,যাওয়া,to go,,,,
405,V,প্রয়োজনীয় ৫০টি ক্রিয়া,50 essential verbs,5,আসা,to come,,,,
406,V,প্রয়োজনীয় ৫০টি ক্রিয়া,50 essential verbs,6,খাওয়া,to eat,,,,
407,V,প্রয়োজনীয় ৫০টি ক্রিয়া,50 essential verbs,7,পান করা,to drink,,,,
408,V,প্রয়োজনীয় ৫০টি ক্রিয়া,50 essential verbs,8,ঘুমানো,to sleep,,,,
409,V,প্রয়োজনীয় ৫০টি ক্রিয়া,50 essential verbs,9,দেখা,to see,,,,
410,V,প্রয়োজনীয় ৫০টি ক্রিয়া,50 essential verbs,10,শোনা,to hear / listen,,,,
411,V,প্রয়োজনীয় ৫০টি ক্রিয়া,50 essential verbs,11,বলা,to say / speak,,,,
412,V,প্রয়োজনীয় ৫০টি ক্রিয়া,50 essential verbs,12,কথা বলা,to talk,,,,
413,V,প্রয়োজনীয় ৫০টি ক্রিয়া,50 essential verbs,13,পড়া,to read,,,,
414,V,প্রয়োজনীয় ৫০টি ক্রিয়া,50 essential verbs,14,লেখা,to write,,,,
415,V,প্রয়োজনীয় ৫০টি ক্রিয়া,50 essential verbs,15,জানা,to know,,,,
416,V,প্রয়োজনীয় ৫০টি ক্রিয়া,50 essential verbs,16,বোঝা,to understand,,,,
417,V,প্রয়োজনীয় ৫০টি ক্রিয়া,50 essential verbs,17,চাওয়া,to want,,,,
418,V,প্রয়োজনীয় ৫০টি ক্রিয়া,50 essential verbs,18,দরকার হওয়া,to need,,,,
419,V,প্রয়োজনীয় ৫০টি ক্রিয়া,50 essential verbs,19,পারা,can / to be able,,,,
420,V,প্রয়োজনীয় ৫০টি ক্রিয়া,50 essential verbs,20,করা,to do,,,,
421,V,প্রয়োজনীয় ৫০টি ক্রিয়া,50 essential verbs,21,বানানো,to make,,,,
422,V,প্রয়োজনীয় ৫০টি ক্রিয়া,50 essential verbs,22,দেওয়া,to give,,,,
423,V,প্রয়োজনীয় ৫০টি ক্রিয়া,50 essential verbs,23,নেওয়া,to take,,,,
424,V,প্রয়োজনীয় ৫০টি ক্রিয়া,50 essential verbs,24,কেনা,to buy,,,,
425,V,প্রয়োজনীয় ৫০টি ক্রিয়া,50 essential verbs,25,বিক্রি করা,to sell,,,,
426,V,প্রয়োজনীয় ৫০টি ক্রিয়া,50 essential verbs,26,টাকা দেওয়া,to pay,,,,
427,V,প্রয়োজনীয় ৫০টি ক্রিয়া,50 essential verbs,27,কাজ করা,to work,,,,
428,V,প্রয়োজনীয় ৫০টি ক্রিয়া,50 essential verbs,28,শেখা,to learn,,,,
429,V,প্রয়োজনীয় ৫০টি ক্রিয়া,50 essential verbs,29,শেখানো,to teach,,,,
430,V,প্রয়োজনীয় ৫০টি ক্রিয়া,50 essential verbs,30,খোলা,to open,,,,
431,V,প্রয়োজনীয় ৫০টি ক্রিয়া,50 essential verbs,31,বন্ধ করা,to close,,,,
432,V,প্রয়োজনীয় ৫০টি ক্রিয়া,50 essential verbs,32,শুরু করা,to start,,,,
433,V,প্রয়োজনীয় ৫০টি ক্রিয়া,50 essential verbs,33,শেষ করা,to finish,,,,
434,V,প্রয়োজনীয় ৫০টি ক্রিয়া,50 essential verbs,34,অপেক্ষা করা,to wait,,,,
435,V,প্রয়োজনীয় ৫০টি ক্রিয়া,50 essential verbs,35,খোঁজা,to look for,,,,
436,V,প্রয়োজনীয় ৫০টি ক্রিয়া,50 essential verbs,36,পাওয়া,to find / get,,,,
437,V,প্রয়োজনীয় ৫০টি ক্রিয়া,50 essential verbs,37,পছন্দ করা,to like,,,,
438,V,প্রয়োজনীয় ৫০টি ক্রিয়া,50 essential verbs,38,ভাবা,to think,,,,
439,V,প্রয়োজনীয় ৫০টি ক্রিয়া,50 essential verbs,39,মনে রাখা,to remember,,,,
440,V,প্রয়োজনীয় ৫০টি ক্রিয়া,50 essential verbs,40,ভুলে যাওয়া,to forget,,,,
441,V,প্রয়োজনীয় ৫০টি ক্রিয়া,50 essential verbs,41,জিজ্ঞেস করা,to ask,,,,
442,V,প্রয়োজনীয় ৫০টি ক্রিয়া,50 essential verbs,42,সাহায্য করা,to help,,,,
443,V,প্রয়োজনীয় ৫০টি ক্রিয়া,50 essential verbs,43,ফোন করা,to call (phone),,,,
444,V,প্রয়োজনীয় ৫০টি ক্রিয়া,50 essential verbs,44,বসা,to sit,,,,
445,V,প্রয়োজনীয় ৫০টি ক্রিয়া,50 essential verbs,45,দাঁড়ানো,to stand,,,,
446,V,প্রয়োজনীয় ৫০টি ক্রিয়া,50 essential verbs,46,হাঁটা,to walk,,,,
447,V,প্রয়োজনীয় ৫০টি ক্রিয়া,50 essential verbs,47,রান্না করা,to cook,,,,
448,V,প্রয়োজনীয় ৫০টি ক্রিয়া,50 essential verbs,48,ধোয়া,to wash,,,,
449,V,প্রয়োজনীয় ৫০টি ক্রিয়া,50 essential verbs,49,পাঠানো,to send,,,,
450,V,প্রয়োজনীয় ৫০টি ক্রিয়া,50 essential verbs,50,ফিরে আসা,to return,,,,
451,A,প্রয়োজনীয় ৫০টি বিশেষণ,50 essential adjectives,1,ভালো,good,,,,
452,A,প্রয়োজনীয় ৫০টি বিশেষণ,50 essential adjectives,2,খারাপ,bad,,,,
453,A,প্রয়োজনীয় ৫০টি বিশেষণ,50 essential adjectives,3,বড়,big,,,,
454,A,প্রয়োজনীয় ৫০টি বিশেষণ,50 essential adjectives,4,ছোট,small,,,,
455,A,প্রয়োজনীয় ৫০টি বিশেষণ,50 essential adjectives,5,নতুন,new,,,,
456,A,প্রয়োজনীয় ৫০টি বিশেষণ,50 essential adjectives,6,পুরোনো,old (thing),,,,
457,A,প্রয়োজনীয় ৫০টি বিশেষণ,50 essential adjectives,7,বয়স্ক,old (person),,,,
458,A,প্রয়োজনীয় ৫০টি বিশেষণ,50 essential adjectives,8,তরুণ,young,,,,
459,A,প্রয়োজনীয় ৫০টি বিশেষণ,50 essential adjectives,9,গরম,hot,,,,
460,A,প্রয়োজনীয় ৫০টি বিশেষণ,50 essential adjectives,10,ঠান্ডা,cold,,,,
461,A,প্রয়োজনীয় ৫০টি বিশেষণ,50 essential adjectives,11,লম্বা,long / tall,,,,
462,A,প্রয়োজনীয় ৫০টি বিশেষণ,50 essential adjectives,12,খাটো,short,,,,
463,A,প্রয়োজনীয় ৫০টি বিশেষণ,50 essential adjectives,13,অনেক,many / much,,,,
464,A,প্রয়োজনীয় ৫০টি বিশেষণ,50 essential adjectives,14,কম,few / little,,,,
465,A,প্রয়োজনীয় ৫০টি বিশেষণ,50 essential adjectives,15,সুন্দর,beautiful,,,,
466,A,প্রয়োজনীয় ৫০টি বিশেষণ,50 essential adjectives,16,সহজ,easy,,,,
467,A,প্রয়োজনীয় ৫০টি বিশেষণ,50 essential adjectives,17,কঠিন,difficult,,,,
468,A,প্রয়োজনীয় ৫০টি বিশেষণ,50 essential adjectives,18,দ্রুত,fast,,,,
469,A,প্রয়োজনীয় ৫০টি বিশেষণ,50 essential adjectives,19,ধীর,slow,,,,
470,A,প্রয়োজনীয় ৫০টি বিশেষণ,50 essential adjectives,20,সস্তা,cheap,,,,
471,A,প্রয়োজনীয় ৫০টি বিশেষণ,50 essential adjectives,21,দামি,expensive,,,,
472,A,প্রয়োজনীয় ৫০টি বিশেষণ,50 essential adjectives,22,পরিষ্কার,clean,,,,
473,A,প্রয়োজনীয় ৫০টি বিশেষণ,50 essential adjectives,23,নোংরা,dirty,,,,
474,A,প্রয়োজনীয় ৫০টি বিশেষণ,50 essential adjectives,24,খালি,empty,,,,
475,A,প্রয়োজনীয় ৫০টি বিশেষণ,50 essential adjectives,25,ভরা,full,,,,
476,A,প্রয়োজনীয় ৫০টি বিশেষণ,50 essential adjectives,26,খোলা,open,,,,
477,A,প্রয়োজনীয় ৫০টি বিশেষণ,50 essential adjectives,27,বন্ধ,closed,,,,
478,A,প্রয়োজনীয় ৫০টি বিশেষণ,50 essential adjectives,28,সঠিক,correct,,,,
479,A,প্রয়োজনীয় ৫০টি বিশেষণ,50 essential adjectives,29,ভুল,wrong,,,,
480,A,প্রয়োজনীয় ৫০টি বিশেষণ,50 essential adjectives,30,ব্যস্ত,busy,,,,
481,A,প্রয়োজনীয় ৫০টি বিশেষণ,50 essential adjectives,31,ফাঁকা,free (available),,,,
482,A,প্রয়োজনীয় ৫০টি বিশেষণ,50 essential adjectives,32,খুশি,happy,,,,
483,A,প্রয়োজনীয় ৫০টি বিশেষণ,50 essential adjectives,33,দুঃখী,sad,,,,
484,A,প্রয়োজনীয় ৫০টি বিশেষণ,50 essential adjectives,34,ক্লান্ত,tired,,,,
485,A,প্রয়োজনীয় ৫০টি বিশেষণ,50 essential adjectives,35,অসুস্থ,sick,,,,
486,A,প্রয়োজনীয় ৫০টি বিশেষণ,50 essential adjectives,36,সুস্থ,healthy / well,,,,
487,A,প্রয়োজনীয় ৫০টি বিশেষণ,50 essential adjectives,37,ক্ষুধার্ত,hungry,,,,
488,A,প্রয়োজনীয় ৫০টি বিশেষণ,50 essential adjectives,38,নিরাপদ,safe,,,,
489,A,প্রয়োজনীয় ৫০টি বিশেষণ,50 essential adjectives,39,গুরুত্বপূর্ণ,important,,,,
490,A,প্রয়োজনীয় ৫০টি বিশেষণ,50 essential adjectives,40,প্রথম,first,,,,
491,A,প্রয়োজনীয় ৫০টি বিশেষণ,50 essential adjectives,41,শেষ,last,,,,
492,A,প্রয়োজনীয় ৫০টি বিশেষণ,50 essential adjectives,42,ভিন্ন,different,,,,
493,A,প্রয়োজনীয় ৫০টি বিশেষণ,50 essential adjectives,43,ভারী,heavy,,,,
494,A,প্রয়োজনীয় ৫০টি বিশেষণ,50 essential adjectives,44,মিষ্টি,sweet,,,,
495,A,প্রয়োজনীয় ৫০টি বিশেষণ,50 essential adjectives,45,ঝাল,spicy,,,,
496,A,প্রয়োজনীয় ৫০টি বিশেষণ,50 essential adjectives,46,লাল,red,,,,
497,A,প্রয়োজনীয় ৫০টি বিশেষণ,50 essential adjectives,47,সাদা,white,,,,
498,A,প্রয়োজনীয় ৫০টি বিশেষণ,50 essential adjectives,48,কালো,black,,,,
499,A,প্রয়োজনীয় ৫০টি বিশেষণ,50 essential adjectives,49,নীল,blue,,,,
500,A,প্রয়োজনীয় ৫০টি বিশেষণ,50 essential adjectives,50,সবুজ,green,,,,
